Source,Target
157697,626
157697,1592
131074,799
131074,801
131074,802
131074,813
131074,819
131074,825
131074,843
131074,849
131074,865
131074,881
131074,964
131074,1041
131074,1056
131074,1243
131074,2009
131074,2274
131074,3932
51206,345
51206,419
51206,1191
51206,1196
51206,1587
51206,1878
51206,1906
51206,2307
51206,2944
51206,4112
51206,4368
51206,4381
51206,4394
51206,4415
112647,697
112647,698
73736,1041
73736,1056
73736,1148
73736,1243
73736,2009
73736,2274
73736,3932
18441,1906
18441,2307
18441,4112
18441,4368
18441,4381
18441,4394
18441,4415
83978,254
83978,2409
2062,32182
2062,82603
2062,82605
2062,107681
2062,137088
2062,143917
2062,143919
2062,158833
2062,183335
2062,200553
2062,213882
2062,213884
2062,219558
2062,219559
2062,219564
2062,219565
2062,274485
2062,301429
2062,301431
2062,316659
4112,449
4112,531
4112,725
4112,1841
4112,1911
4112,1927
4112,2642
4112,3839
4112,774
4112,995
4112,998
4112,2936
4112,5086
4112,5638
4112,5640
4112,5641
4112,5644
4112,5645
4112,5646
4112,5661
4112,5663
4112,5664
4112,6008
4112,6125
4112,6126
4112,23554
4112,23555
4112,23556
4112,23557
4112,23558
4112,23561
4112,23562
4112,30105
4112,31091
4112,64292
4112,64298
4112,158368
4112,331184
4112,331382
4112,332971
4112,332972
4112,333527
4112,333530
112657,789
112657,1475
112657,2378
112657,3234
112657,3626
112657,4264
2067,32182
2067,82603
2067,82605
2067,107681
2067,137088
2067,143917
2067,143919
2067,158833
2067,183335
2067,200553
2067,213882
2067,213884
2067,219558
2067,219559
2067,219564
2067,219565
2067,274485
2067,301429
2067,301431
2067,316659
243733,589
243733,653
243733,2329
243733,2470
243733,2766
243733,4735
73750,1041
73750,1056
73750,1148
73750,1243
73750,2009
73750,2274
73750,3932
256023,789
256023,1475
256023,2378
256023,3234
256023,3626
256023,4264
260120,455
260120,456
260120,2095
260120,3204
25,132934
25,141462
25,204176
25,204180
25,268593
25,301240
26,132934
26,141462
26,204176
26,204180
26,268593
26,301240
32,81
32,147357
32,183347
32,192334
32,193249
32,221592
184354,589
184354,653
184354,2329
184354,2470
184354,2766
184354,4735
182306,449
182306,531
182306,725
182306,1841
182306,1911
182306,1927
182306,2642
182306,3839
294951,1571
294951,1702
294951,2942
294951,3872
294951,4742
151592,457
151592,458
151592,1593
84011,403
84011,1319
2095,4857
2095,52457
2095,53792
2095,76691
2095,93143
2095,93207
2095,96115
2095,114178
2095,121842
2095,129960
2095,136952
2095,152417
2095,159995
2095,161186
2095,174990
2095,178601
2095,223771
2095,257335
2095,287501
2095,287960
2095,325150
2095,329057
274485,339
274485,394
274485,1070
274485,2409
274485,3039
274485,3111
274485,3579
274485,4253
223286,2289
223286,2772
223286,2796
223286,3679
223286,4298
190524,799
190524,801
190524,802
190524,813
190524,819
190524,825
190524,843
190524,849
190524,865
190524,881
190524,964
190524,1041
190524,1056
190524,1243
190524,2009
190524,2274
190524,3932
323650,789
323650,1475
323650,2378
323650,3234
323650,3626
323650,4264
2115,945
2115,27376
2115,27379
2115,32651
2115,36769
2115,62433
2115,62434
2115,62436
2115,63447
2115,73059
2115,85506
2115,157893
2115,159271
2115,197214
2115,202371
2115,212287
2115,292427
2115,304226
2115,320037
2115,326019
38981,457
38981,458
38981,1593
4167,26953
4167,44817
4167,59835
4167,59865
4167,60070
4167,142786
4167,182786
4167,193445
4167,268891
4167,330698
43079,528
43079,538
43079,553
43079,584
43079,590
43079,598
43079,608
43079,613
43079,620
43079,621
43079,624
43079,648
43079,656
43079,659
43079,662
43079,665
43079,679
43079,746
43079,1120
43079,1140
43079,1148
43079,1321
43079,1467
43079,1550
43079,1560
43079,1729
43079,2274
43079,3932
262218,2378
262218,3626
262218,4264
28748,789
28748,1475
28748,2378
28748,3234
28748,3626
28748,4264
176206,697
176206,698
227407,697
227407,698
168016,697
168016,698
81,28962
81,75243
81,98817
81,156143
81,183411
81,327454
81,214
81,960
81,1625
81,1626
81,1651
81,1960
81,2409
81,3045
81,3556
81,3565
81,3574
81,3586
81,4519
81,4540
81,4857
81,4900
114768,1146
114768,2891
114768,3677
2127,945
2127,27376
2127,27379
2127,32651
2127,36769
2127,62433
2127,62434
2127,62436
2127,63447
2127,73059
2127,85506
2127,157893
2127,159271
2127,197214
2127,202371
2127,212287
2127,292427
2127,304226
2127,320037
2127,326019
2137,132934
2137,141462
2137,204176
2137,204180
2137,268593
2137,301240
34913,403
34913,1319
317537,2289
317537,2772
317537,2796
317537,3679
317537,4298
227431,789
227431,1475
227431,2378
227431,3234
227431,3626
227431,4264
104,21056
104,22427
104,107780
104,138171
104,140078
104,150101
104,212900
104,264664
104,318272
104,322217
274536,789
274536,1475
274536,2378
274536,3234
274536,3626
274536,4264
28780,799
28780,801
28780,802
28780,813
28780,819
28780,825
28780,843
28780,849
28780,865
28780,881
28780,964
28780,1041
28780,1056
28780,1243
28780,2009
28780,2274
28780,3932
305265,995
305265,2932
305265,3306
305265,4576
305265,4697
115,132934
115,141462
115,204176
115,204180
115,268593
115,301240
284787,789
284787,1475
284787,2378
284787,3234
284787,3626
284787,4264
133243,789
133243,1475
133243,2378
133243,3234
133243,3626
133243,4264
147583,1041
147583,1056
147583,1243
147583,2009
147583,2274
147583,3932
32896,697
32896,698
282756,589
282756,653
282756,2329
282756,2470
282756,2766
282756,4735
272521,589
272521,653
272521,2329
272521,2470
272521,2766
272521,4735
223371,697
223371,698
75915,254
75915,2409
141,132934
141,141462
141,204176
141,204180
141,268593
141,301240
192651,789
192651,1475
192651,2378
192651,3234
192651,3626
192651,4264
141462,268
141462,1063
141462,1064
141462,2413
141462,2555
141462,2832
141462,2843
141462,3231
141462,3354
141462,3518
141462,3537
141462,4258
141462,4454
141462,4482
223382,697
223382,698
237722,1571
237722,1702
237722,2942
237722,3872
237722,4742
75931,626
75931,1592
190620,789
190620,1475
190620,2378
190620,3234
190620,3626
190620,4264
4253,32182
4253,82603
4253,82605
4253,107681
4253,143917
4253,158833
4253,183335
4253,200553
4253,213884
4253,219558
4253,219559
4253,219564
4253,219565
4253,301429
4253,316659
4258,132934
4258,204176
4258,204180
4258,268593
4258,301240
157858,1146
157858,2891
157858,3677
4264,1592
4264,3289
4264,4298
4264,5443
4264,6726
4264,8953
4264,9558
4264,12154
4264,13200
4264,16285
4264,17506
4264,23271
4264,24361
4264,25876
4264,25941
4264,27642
4264,29228
4264,32002
4264,36841
4264,38492
4264,43238
4264,44836
4264,48001
4264,50485
4264,51940
4264,53960
4264,56384
4264,59588
4264,60168
4264,63870
4264,65399
4264,72412
4264,73609
4264,74983
4264,76876
4264,78556
4264,79179
4264,89637
4264,89758
4264,91260
4264,92896
4264,95773
4264,98682
4264,99641
4264,102361
4264,105154
4264,109666
4264,111635
4264,111670
4264,111987
4264,112091
4264,113038
4264,114679
4264,116329
4264,117476
4264,120173
4264,120235
4264,129297
4264,131308
4264,135086
4264,148243
4264,148875
4264,149384
4264,150242
4264,150431
4264,153995
4264,156382
4264,160561
4264,160675
4264,164255
4264,165132
4264,170570
4264,178091
4264,179792
4264,183081
4264,190810
4264,196239
4264,198030
4264,200650
4264,207290
4264,207780
4264,207980
4264,212266
4264,214609
4264,215467
4264,218828
4264,224669
4264,228063
4264,233109
4264,236961
4264,238032
4264,239114
4264,245091
4264,249540
4264,253655
4264,255676
4264,256944
4264,259235
4264,260873
4264,261673
4264,262007
4264,265544
4264,268610
4264,280851
4264,281391
4264,282435
4264,286345
4264,287455
4264,296809
4264,297141
4264,297263
4264,297673
4264,297878
4264,300536
4264,300584
4264,304434
4264,305151
4264,307533
4264,309428
4264,315827
4264,317978
4264,318886
4264,321941
4264,323978
4264,324125
4264,325165
4264,326448
4264,329138
4264,331371
301227,625
301227,1312
301227,2433
301227,2454
301227,2674
301227,3541
301227,3547
301227,4571
301227,4692
2223,49843
2223,155213
2223,155214
2223,199634
309428,789
309428,1475
309428,2378
309428,3234
309428,3626
297141,789
297141,1475
297141,2378
297141,3234
297141,3626
301240,268
301240,1063
301240,1064
301240,2413
301240,2555
301240,2832
301240,2843
301240,3231
301240,3354
301240,3518
301240,3537
301240,4454
301240,4482
213178,457
213178,458
213178,1593
150242,789
150242,1475
150242,2378
150242,3234
150242,3626
59588,789
59588,1475
59588,2378
59588,3234
59588,3626
133317,403
133317,1319
37062,799
37062,801
37062,802
37062,813
37062,819
37062,825
37062,843
37062,849
37062,865
37062,881
37062,964
37062,1041
37062,1056
37062,1243
37062,2009
37062,2274
37062,3932
145607,449
145607,531
145607,725
145607,1841
145607,1911
145607,1927
145607,2642
145607,3839
204999,626
204999,1592
157893,1118
157893,2024
157893,2028
157893,3289
4298,789
4298,1475
4298,2378
4298,3234
4298,3626
4298,47817
4298,130253
4298,135912
4298,228472
4298,240748
4298,245193
4298,321310
4298,327968
45258,789
45258,1475
45258,3234
184526,626
184526,1592
319698,403
319698,1319
159955,799
159955,801
159955,802
159955,813
159955,819
159955,825
159955,843
159955,849
159955,865
159955,881
159955,964
159955,1041
159955,1056
159955,1243
159955,2009
159955,2274
159955,3932
214,147357
214,183347
214,192334
214,193249
214,221592
194777,457
194777,458
194777,1593
110810,528
110810,538
110810,553
110810,584
110810,590
110810,598
110810,608
110810,613
110810,620
110810,621
110810,624
110810,648
110810,656
110810,659
110810,662
110810,665
110810,679
110810,746
110810,1120
110810,1140
110810,1148
110810,1321
110810,1467
110810,1550
110810,1560
110810,1729
110810,2274
110810,3932
309465,1571
309465,1702
309465,2942
309465,3872
309465,4742
225499,1146
225499,2891
225499,3677
239840,697
239840,698
2274,625
2274,1702
2274,9149
2274,9800
2274,13267
2274,13291
2274,14821
2274,18773
2274,25594
2274,34601
2274,38143
2274,40671
2274,43786
2274,45585
2274,48458
2274,53201
2274,58694
2274,58695
2274,66224
2274,69961
2274,78236
2274,78699
2274,80432
2274,85202
2274,88012
2274,96242
2274,98764
2274,98944
2274,100234
2274,100812
2274,114495
2274,119271
2274,120307
2274,122844
2274,123238
2274,124416
2274,127336
2274,140052
2274,141543
2274,145729
2274,153984
2274,156425
2274,161119
2274,163794
2274,168474
2274,168827
2274,171311
2274,171650
2274,183722
2274,184991
2274,193423
2274,193777
2274,195297
2274,195298
2274,210750
2274,211624
2274,213984
2274,224013
2274,232524
2274,235350
2274,247050
2274,248814
2274,249154
2274,252202
2274,255017
2274,259312
2274,261331
2274,263491
2274,264621
2274,264827
2274,265591
2274,268929
2274,279999
2274,281479
2274,285591
2274,290377
2274,293977
2274,300503
2274,301580
2274,302476
2274,310790
2274,312171
2274,314047
2274,320344
2274,324545
2274,326929
73957,697
73957,698
43238,789
43238,1475
43238,2378
43238,3234
43238,3626
141543,528
141543,538
141543,553
141543,584
141543,590
141543,598
141543,608
141543,613
141543,620
141543,621
141543,624
141543,648
141543,656
141543,659
141543,662
141543,665
141543,679
141543,746
141543,1120
141543,1140
141543,1148
141543,1321
141543,1467
141543,1550
141543,1560
141543,1729
141543,3932
131308,789
131308,1475
131308,2378
131308,3234
131308,3626
102637,449
102637,531
102637,725
102637,1841
102637,1911
102637,1927
102637,2642
102637,3839
2289,47817
2289,130253
2289,135912
2289,228472
2289,240748
2289,245193
2289,321310
2289,327968
159995,455
159995,456
159995,3204
153852,449
153852,531
153852,725
153852,1841
153852,1911
153852,1927
153852,2642
153852,3839
254,6507
254,18772
254,67038
254,101089
254,109160
254,118618
254,138322
254,174996
254,191711
254,200528
254,285439
254,300540
254,300542
254,304351
254,318125
186624,3234
229634,697
229634,698
2307,774
2307,995
2307,998
2307,2936
2307,5086
2307,5638
2307,5640
2307,5641
2307,5644
2307,5645
2307,5646
2307,5661
2307,5663
2307,5664
2307,6008
2307,6125
2307,6126
2307,23554
2307,23555
2307,23556
2307,23557
2307,23558
2307,23561
2307,23562
2307,30105
2307,31091
2307,64292
2307,64298
2307,158368
2307,331184
2307,331382
2307,332971
2307,332972
2307,333527
2307,333530
69890,626
69890,1592
194823,626
194823,1592
225547,403
225547,1319
268,132934
268,204176
268,204180
268,268593
65807,589
65807,653
65807,2329
65807,2470
65807,2766
65807,4735
4368,774
4368,995
4368,998
4368,2936
4368,5086
4368,5638
4368,5640
4368,5641
4368,5644
4368,5645
4368,5646
4368,5661
4368,5663
4368,5664
4368,6008
4368,6125
4368,6126
4368,23554
4368,23555
4368,23556
4368,23557
4368,23558
4368,23561
4368,23562
4368,30105
4368,31091
4368,64292
4368,64298
4368,158368
4368,331184
4368,331382
4368,332971
4368,332972
4368,333527
4368,333530
129297,789
129297,1475
129297,2378
129297,3234
129297,3626
280851,789
280851,1475
280851,2378
280851,3234
280851,3626
121108,3289
270612,3289
41239,697
41239,698
2329,2555
2329,13168
2329,15481
2329,20384
2329,21467
2329,25477
2329,29651
2329,31323
2329,31422
2329,32193
2329,38721
2329,40495
2329,47594
2329,50945
2329,62203
2329,80722
2329,95841
2329,108481
2329,118669
2329,122074
2329,129569
2329,133689
2329,150145
2329,152465
2329,152530
2329,156597
2329,160659
2329,164561
2329,165006
2329,167331
2329,182797
2329,185493
2329,200099
2329,203876
2329,246406
2329,254350
2329,263031
2329,279483
2329,283145
2329,289163
2329,292030
2329,298093
2329,300431
2329,301737
2329,304072
2329,304663
2329,314089
2329,314763
2329,318260
2329,326183
243993,1571
243993,1702
243993,2942
243993,3872
243993,4742
4381,774
4381,995
4381,998
4381,2936
4381,5086
4381,5638
4381,5640
4381,5641
4381,5644
4381,5645
4381,5646
4381,5661
4381,5663
4381,5664
4381,6008
4381,6125
4381,6126
4381,23554
4381,23555
4381,23556
4381,23557
4381,23558
4381,23561
4381,23562
4381,30105
4381,31091
4381,64292
4381,64298
4381,158368
4381,331184
4381,331382
4381,332971
4381,332972
4381,333527
4381,333530
92446,626
92446,1592
84256,625
84256,1312
84256,2433
84256,2454
84256,2674
84256,3541
84256,3547
84256,4571
84256,4692
84257,625
84257,1312
84257,2433
84257,2454
84257,2674
84257,3541
84257,3547
84257,4571
84257,4692
28962,333
327968,2772
327968,2796
327968,3679
254249,626
254249,1592
4394,774
4394,995
4394,998
4394,2936
4394,5086
4394,5638
4394,5640
4394,5641
4394,5644
4394,5645
4394,5646
4394,5661
4394,5663
4394,5664
4394,6008
4394,6125
4394,6126
4394,23554
4394,23555
4394,23556
4394,23557
4394,23558
4394,23561
4394,23562
4394,30105
4394,31091
4394,64292
4394,64298
4394,158368
4394,331184
4394,331382
4394,332971
4394,332972
4394,333527
4394,333530
252202,799
252202,801
252202,802
252202,813
252202,819
252202,825
252202,843
252202,849
252202,865
252202,881
252202,964
252202,1041
252202,1056
252202,1243
252202,2009
252202,3932
297263,789
297263,1475
297263,2378
297263,3234
297263,3626
268593,1063
268593,1064
268593,2413
268593,2555
268593,2832
268593,2843
268593,3231
268593,3354
268593,3518
268593,3537
268593,4454
268593,4482
250164,403
250164,1319
309562,457
309562,458
309562,1593
55612,403
55612,1319
307517,697
307517,698
4415,774
4415,995
4415,998
4415,2936
4415,5086
4415,5638
4415,5640
4415,5641
4415,5644
4415,5645
4415,5646
4415,5661
4415,5663
4415,5664
4415,6008
4415,6125
4415,6126
4415,23554
4415,23555
4415,23556
4415,23557
4415,23558
4415,23561
4415,23562
4415,30105
4415,31091
4415,64292
4415,64298
4415,158368
4415,331184
4415,331382
4415,332971
4415,332972
4415,333527
4415,333530
145729,528
145729,538
145729,553
145729,584
145729,590
145729,598
145729,608
145729,613
145729,620
145729,621
145729,624
145729,648
145729,656
145729,659
145729,662
145729,665
145729,679
145729,746
145729,1120
145729,1140
145729,1148
145729,1321
145729,1467
145729,1550
145729,1560
145729,1729
145729,3932
268610,789
268610,1475
268610,2378
268610,3234
268610,3626
219462,403
219462,1319
26953,924
26953,1108
26953,1519
26953,1569
26953,1848
26953,3125
26953,4552
26953,4667
26953,4932
26953,4974
69961,799
69961,801
69961,802
69961,813
69961,819
69961,825
69961,843
69961,849
69961,865
69961,881
69961,964
69961,1041
69961,1056
69961,1243
69961,2009
69961,3932
2378,1592
2378,3289
2378,5443
2378,6726
2378,8953
2378,9558
2378,16285
2378,17506
2378,23271
2378,24361
2378,25876
2378,29228
2378,32002
2378,36841
2378,38492
2378,44836
2378,48001
2378,50485
2378,51940
2378,53960
2378,56384
2378,60168
2378,63870
2378,65399
2378,72412
2378,73609
2378,74983
2378,76876
2378,78556
2378,79179
2378,89758
2378,91260
2378,92896
2378,95773
2378,98682
2378,99641
2378,102361
2378,105154
2378,109666
2378,111635
2378,111670
2378,111987
2378,112091
2378,114679
2378,116329
2378,117476
2378,120235
2378,135086
2378,148875
2378,149384
2378,150431
2378,153995
2378,160675
2378,164255
2378,165132
2378,170570
2378,179792
2378,190810
2378,196239
2378,198030
2378,200650
2378,207290
2378,212266
2378,218828
2378,224669
2378,228063
2378,233109
2378,236961
2378,238032
2378,239114
2378,245091
2378,249540
2378,253655
2378,255676
2378,256944
2378,259235
2378,261673
2378,262007
2378,265544
2378,282435
2378,286345
2378,287455
2378,296809
2378,297673
2378,297878
2378,300536
2378,300584
2378,304434
2378,305151
2378,307533
2378,315827
2378,318886
2378,321941
2378,323978
2378,325165
2378,331371
333,75243
333,98817
333,156143
333,183411
333,327454
96590,1571
96590,1702
96590,2942
96590,3872
96590,4742
307533,789
307533,1475
307533,3234
307533,3626
268626,626
268626,1592
339,32182
339,82603
339,82605
339,107681
339,143917
339,158833
339,183335
339,200553
339,213884
339,219558
339,219559
339,219564
339,219565
339,301429
339,316659
67924,449
67924,531
67924,725
67924,1841
67924,1911
67924,1927
67924,2642
67924,3839
18772,2409
18773,799
18773,801
18773,802
18773,813
18773,819
18773,825
18773,843
18773,849
18773,865
18773,881
18773,964
18773,1041
18773,1056
18773,1243
18773,2009
18773,3932
2391,44817
2391,59835
2391,59865
2391,60070
2391,142786
2391,182786
2391,193445
2391,268891
2391,330698
186712,697
186712,698
345,2936
345,5086
345,5638
345,5640
345,5641
345,5644
345,5645
345,5646
345,5661
345,5663
345,5664
345,6125
345,6126
345,23554
345,23555
345,23556
345,23557
345,23558
345,23561
345,23562
345,30105
345,31091
345,64292
345,64298
345,331184
190810,789
190810,1475
190810,3234
190810,3626
266588,3932
147811,2936
147811,3113
147811,3812
147811,4072
4454,132934
4454,204176
4454,204180
123238,799
123238,801
123238,802
123238,813
123238,819
123238,825
123238,843
123238,849
123238,865
123238,881
123238,964
123238,1041
123238,1056
123238,1243
123238,2009
123238,3932
127336,528
127336,538
127336,553
127336,584
127336,590
127336,598
127336,608
127336,613
127336,620
127336,621
127336,624
127336,648
127336,656
127336,659
127336,662
127336,665
127336,679
127336,746
127336,1120
127336,1140
127336,1148
127336,1321
127336,1467
127336,1550
127336,1560
127336,1729
127336,3932
2409,6507
2409,32182
2409,82603
2409,82605
2409,101089
2409,107681
2409,109160
2409,118618
2409,137088
2409,138322
2409,143917
2409,143919
2409,144015
2409,147357
2409,158833
2409,174996
2409,183347
2409,191711
2409,192334
2409,193249
2409,200528
2409,200553
2409,213882
2409,213884
2409,219559
2409,221592
2409,285439
2409,300540
2409,300542
2409,301429
2409,301431
2409,304351
2409,316659
2409,318125
2413,132934
2413,204176
2413,204180
369,995
369,998
369,158368
369,331382
369,332971
369,332972
369,333527
369,333530
371,995
371,998
371,158368
371,331382
371,332971
371,332972
371,333527
371,333530
31091,419
31091,1191
31091,1196
31091,1587
31091,1878
31091,1906
31091,2944
301429,394
301429,1070
301429,3039
301429,3111
301429,3579
301431,3039
301431,3579
14712,1571
14712,1702
14712,2942
14712,3872
14712,4742
104826,697
104826,698
98682,789
98682,1475
98682,3234
98682,3626
63870,789
63870,1475
63870,3234
63870,3626
153984,528
153984,538
153984,553
153984,584
153984,590
153984,598
153984,608
153984,613
153984,620
153984,621
153984,624
153984,648
153984,656
153984,659
153984,662
153984,665
153984,679
153984,746
153984,1120
153984,1140
153984,1148
153984,1321
153984,1467
153984,1550
153984,1560
153984,1729
153984,3932
2433,99390
2433,174711
4482,132934
4482,204176
4482,204180
110979,626
110979,1592
326019,1118
326019,2024
326019,2028
326019,3289
394,32182
394,82603
394,82605
394,107681
394,143917
394,158833
394,183335
394,200553
394,213884
394,219558
394,219559
394,219564
394,219565
394,316659
289163,589
289163,653
289163,2470
289163,2766
289163,4735
153995,789
153995,1475
153995,3234
153995,3626
323978,789
323978,1475
323978,3234
323978,3626
254350,589
254350,653
254350,2470
254350,2766
254350,4735
113038,3234
113038,3626
295312,697
295312,698
227730,626
227730,1592
403,16032
403,26369
403,72432
403,79374
403,81174
403,121917
403,131741
403,132704
403,144509
403,150237
403,169420
403,169823
403,171867
403,181715
403,189332
403,191653
403,211840
403,239414
403,251437
403,255967
403,276943
403,280067
321941,789
321941,1475
321941,3234
321941,3626
2454,99390
2454,174711
221592,960
221592,1625
221592,1626
221592,1651
221592,1960
221592,3045
221592,3556
221592,3565
221592,3574
221592,3586
221592,4519
221592,4540
221592,4857
221592,4900
78236,799
78236,801
78236,802
78236,813
78236,819
78236,825
78236,843
78236,849
78236,865
78236,881
78236,964
78236,1041
78236,1056
78236,1243
78236,2009
78236,3932
164255,789
164255,1475
164255,3234
164255,3626
180640,697
180640,698
419,2936
419,5086
419,5638
419,5640
419,5641
419,5644
419,5645
419,5646
419,5661
419,5663
419,5664
419,6125
419,6126
419,23554
419,23555
419,23556
419,23557
419,23558
419,23561
419,23562
419,30105
419,64292
419,64298
419,331184
227749,457
227749,458
227749,1593
2470,2555
2470,13168
2470,15481
2470,20384
2470,21467
2470,25477
2470,29651
2470,31323
2470,31422
2470,32193
2470,38721
2470,40495
2470,47594
2470,50945
2470,62203
2470,80722
2470,95841
2470,108481
2470,118669
2470,122074
2470,129569
2470,133689
2470,150145
2470,152465
2470,152530
2470,156597
2470,160659
2470,164561
2470,165006
2470,167331
2470,182797
2470,185493
2470,200099
2470,203876
2470,246406
2470,263031
2470,279483
2470,283145
2470,292030
2470,298093
2470,300431
2470,301737
2470,304072
2470,304663
2470,314089
2470,314763
2470,318260
2470,326183
4519,147357
4519,183347
4519,192334
4519,193249
219559,1070
219559,3039
219559,3111
219559,3579
178601,455
178601,456
178601,3204
219558,1070
219558,3039
219558,3111
219558,3579
260523,531
260523,725
219564,1070
219564,3039
219564,3111
219564,3579
264621,799
264621,801
264621,802
264621,813
264621,819
264621,825
264621,843
264621,849
264621,865
264621,881
264621,964
264621,1041
264621,1056
264621,1243
264621,2009
264621,3932
219565,1070
219565,3039
219565,3111
219565,3579
215467,3626
315827,789
315827,1475
315827,3234
315827,3626
268726,4735
207290,789
207290,1475
207290,3234
207290,3626
59835,924
59835,998
59835,1108
59835,1224
59835,1519
59835,1569
59835,1621
59835,1769
59835,1848
59835,2873
59835,3125
59835,3192
59835,4552
59835,4667
59835,4932
59835,4974
4540,147357
4540,183347
4540,192334
4540,193249
449,1140
449,1626
449,18362
449,31463
449,32563
449,37980
449,54221
449,67409
449,80336
449,95377
449,124286
449,185451
449,189790
449,191103
449,200224
449,215910
449,216945
449,220158
449,226282
449,229065
449,230474
449,249809
449,255542
449,271727
449,283684
449,298407
29122,697
29122,698
278983,457
278983,458
278983,1593
4552,44817
4552,59865
4552,60070
4552,142786
4552,182786
4552,193445
4552,268891
4552,330698
457,1878
457,13840
457,17537
457,18419
457,30092
457,79829
457,160534
457,167620
457,169191
457,171323
457,193534
457,194431
457,195884
457,197509
457,199993
457,201917
457,202537
457,207876
457,210654
457,222452
457,229083
457,236898
457,238295
457,265060
457,267834
457,280166
457,284198
457,318004
458,1878
458,13840
458,17537
458,18419
458,30092
458,79829
458,160534
458,167620
458,169191
458,171323
458,193534
458,194431
458,195884
458,197509
458,199993
458,201917
458,202537
458,207876
458,210654
458,222452
458,229083
458,236898
458,238295
458,265060
458,267834
458,280166
458,284198
458,318004
455,4857
455,52457
455,53792
455,76691
455,93143
455,93207
455,96115
455,114178
455,121842
455,129960
455,136952
455,152417
455,161186
455,174990
455,223771
455,287501
455,287960
455,325150
455,329057
98764,528
98764,538
98764,553
98764,584
98764,590
98764,598
98764,608
98764,613
98764,620
98764,621
98764,624
98764,648
98764,656
98764,659
98764,662
98764,665
98764,679
98764,746
98764,1120
98764,1140
98764,1148
98764,1321
98764,1467
98764,1550
98764,1560
98764,1729
98764,3932
100812,528
100812,538
100812,553
100812,584
100812,590
100812,598
100812,608
100812,613
100812,620
100812,621
100812,624
100812,648
100812,656
100812,659
100812,662
100812,665
100812,679
100812,746
100812,1120
100812,1140
100812,1148
100812,1321
100812,1467
100812,1550
100812,1560
100812,1729
100812,3932
456,4857
456,52457
456,53792
456,76691
456,93143
456,93207
456,96115
456,114178
456,121842
456,129960
456,136952
456,152417
456,161186
456,174990
456,223771
456,287501
456,287960
456,325150
456,329057
276943,1319
6608,697
6608,698
80336,531
80336,725
80336,1841
80336,1911
80336,1927
80336,2642
80336,3839
238032,789
238032,1475
238032,3234
238032,3626
90577,3289
264664,895
264664,1425
264664,3170
264664,3384
264664,3721
264664,3758
264664,4014
59865,924
59865,998
59865,1108
59865,1224
59865,1519
59865,1569
59865,1621
59865,1769
59865,1848
59865,2873
59865,3125
59865,3192
59865,4667
59865,4932
59865,4974
285146,626
285146,1592
4571,99390
4571,174711
4576,3170
4576,46005
4576,54855
4576,166554
14821,528
14821,538
14821,553
14821,584
14821,590
14821,598
14821,608
14821,613
14821,620
14821,621
14821,624
14821,648
14821,656
14821,659
14821,662
14821,665
14821,679
14821,746
14821,1120
14821,1140
14821,1148
14821,1321
14821,1467
14821,1550
14821,1560
14821,1729
14821,3932
119271,799
119271,801
119271,802
119271,813
119271,819
119271,825
119271,843
119271,849
119271,865
119271,881
119271,964
119271,1041
119271,1056
119271,1243
119271,2009
119271,3932
47594,589
47594,653
47594,2766
47594,4735
104947,1146
104947,2891
104947,3677
2555,589
2555,653
2555,132934
2555,204176
2555,204180
2555,2766
2555,4735
309762,697
309762,698
182786,924
182786,998
182786,1108
182786,1224
182786,1519
182786,1569
182786,1621
182786,1769
182786,1848
182786,2873
182786,3125
182786,3192
182786,4667
182786,4932
182786,4974
297478,626
297478,1592
283145,589
283145,653
283145,2766
283145,4735
203275,2750
203275,2752
203275,3090
203275,3731
203275,3793
203275,3803
203275,3809
219660,531
219660,725
182797,589
182797,653
182797,2766
182797,4735
301580,799
301580,801
301580,802
301580,813
301580,819
301580,825
301580,843
301580,849
301580,865
301580,881
301580,964
301580,1041
301580,1056
301580,1243
301580,2009
301580,3932
528,9149
528,13267
528,13291
528,25594
528,38143
528,40671
528,45585
528,53201
528,80432
528,88012
528,96242
528,98944
528,114495
528,124416
528,156425
528,168827
528,171311
528,183722
528,184991
528,193423
528,211624
528,213984
528,224013
528,247050
528,248814
528,255017
528,263491
528,264827
528,268929
528,293977
528,314047
528,324545
528,326929
45585,538
45585,553
45585,584
45585,590
45585,598
45585,608
45585,613
45585,620
45585,621
45585,624
45585,648
45585,656
45585,659
45585,662
45585,665
45585,679
45585,746
45585,1120
45585,1140
45585,1148
45585,1321
45585,1467
45585,1550
45585,1560
45585,1729
45585,3932
531,1140
531,1626
531,11311
531,18362
531,31463
531,32563
531,37980
531,54221
531,67409
531,95377
531,103862
531,124286
531,178095
531,185451
531,187807
531,189790
531,191103
531,200224
531,210345
531,215910
531,216945
531,220158
531,226282
531,229065
531,230474
531,249809
531,255542
531,271727
531,283684
531,298407
270871,626
270871,1592
538,9149
538,13267
538,13291
538,25594
538,38143
538,40671
538,53201
538,80432
538,88012
538,96242
538,98944
538,114495
538,124416
538,156425
538,168827
538,171311
538,183722
538,184991
538,193423
538,211624
538,213984
538,224013
538,247050
538,248814
538,255017
538,263491
538,264827
538,268929
538,293977
538,314047
538,324545
538,326929
168474,799
168474,801
168474,802
168474,813
168474,819
168474,825
168474,843
168474,849
168474,865
168474,881
168474,964
168474,1041
168474,1056
168474,1243
168474,2009
168474,3932
223771,3204
324125,3234
324125,3626
53792,3204
129569,589
129569,653
129569,2766
129569,4735
113187,626
113187,1592
320037,1118
320037,2024
320037,2028
320037,3289
326183,589
326183,653
326183,2766
326183,4735
553,9149
553,13267
553,13291
553,25594
553,38143
553,40671
553,53201
553,80432
553,88012
553,96242
553,98944
553,114495
553,124416
553,156425
553,168827
553,171311
553,183722
553,184991
553,193423
553,211624
553,213984
553,224013
553,247050
553,248814
553,255017
553,263491
553,264827
553,268929
553,293977
553,314047
553,324545
553,326929
154156,626
154156,1592
143917,1070
143917,3039
143917,3111
143917,3579
29228,789
29228,1475
29228,3234
29228,3626
143919,3039
143919,3579
80432,584
80432,590
80432,598
80432,608
80432,613
80432,620
80432,621
80432,624
80432,648
80432,656
80432,659
80432,662
80432,665
80432,679
80432,746
80432,1120
80432,1140
80432,1148
80432,1321
80432,1467
80432,1550
80432,1560
80432,1729
80432,3932
318004,1593
133689,589
133689,653
133689,2766
4667,44817
4667,60070
4667,142786
4667,193445
4667,268891
4667,330698
573,995
573,998
573,158368
573,331382
573,332971
573,332972
573,333527
573,333530
574,995
574,998
574,158368
574,331382
574,332971
574,332972
574,333527
574,333530
574,697
574,698
21056,895
21056,1425
21056,3170
21056,3384
21056,3721
21056,3758
21056,4014
90690,626
90690,1592
6726,789
6726,1475
6726,3234
6726,3626
584,9149
584,13267
584,13291
584,25594
584,38143
584,40671
584,53201
584,88012
584,96242
584,98944
584,114495
584,124416
584,156425
584,168827
584,171311
584,183722
584,184991
584,193423
584,211624
584,213984
584,224013
584,247050
584,248814
584,255017
584,263491
584,264827
584,268929
584,293977
584,314047
584,324545
584,326929
35402,697
35402,698
170570,789
170570,1475
170570,3234
170570,3626
589,13168
589,15481
589,20384
589,21467
589,25477
589,29651
589,31323
589,31422
589,32193
589,38721
589,40495
589,50945
589,62203
589,80722
589,95841
589,108481
589,118669
589,122074
589,150145
589,152465
589,152530
589,156597
589,160659
589,164561
589,165006
589,167331
589,185493
589,200099
589,203876
589,246406
589,263031
589,279483
589,292030
589,298093
589,300431
589,301737
589,304072
589,304663
589,314089
589,314763
589,318260
590,9149
590,13267
590,13291
590,25594
590,38143
590,40671
590,53201
590,88012
590,96242
590,98944
590,114495
590,124416
590,156425
590,168827
590,171311
590,183722
590,184991
590,193423
590,211624
590,213984
590,224013
590,247050
590,248814
590,255017
590,263491
590,264827
590,268929
590,293977
590,314047
590,324545
590,326929
2642,1140
2642,1626
2642,18362
2642,31463
2642,32563
2642,37980
2642,54221
2642,67409
2642,95377
2642,124286
2642,185451
2642,189790
2642,191103
2642,200224
2642,215910
2642,216945
2642,220158
2642,226282
2642,229065
2642,230474
2642,249809
2642,255542
2642,271727
2642,283684
2642,298407
4692,99390
4692,174711
150101,895
150101,1425
150101,3170
150101,3384
150101,3721
150101,3758
150101,4014
598,9149
598,13267
598,13291
598,25594
598,38143
598,40671
598,53201
598,88012
598,96242
598,98944
598,114495
598,124416
598,156425
598,168827
598,171311
598,183722
598,184991
598,193423
598,211624
598,213984
598,224013
598,247050
598,248814
598,255017
598,263491
598,264827
598,268929
598,293977
598,314047
598,324545
598,326929
4697,3170
4697,46005
4697,54855
4697,166554
31323,653
31323,2766
31323,4735
268891,924
268891,998
268891,1108
268891,1224
268891,1519
268891,1569
268891,1621
268891,1769
268891,1848
268891,2873
268891,3125
268891,3192
268891,4932
268891,4974
197214,1118
197214,2024
197214,2028
197214,3289
608,9149
608,13267
608,13291
608,25594
608,38143
608,40671
608,53201
608,88012
608,96242
608,98944
608,114495
608,124416
608,156425
608,168827
608,171311
608,183722
608,184991
608,193423
608,211624
608,213984
608,224013
608,247050
608,248814
608,255017
608,263491
608,264827
608,268929
608,293977
608,314047
608,324545
608,326929
62049,697
62049,698
4706,49843
4706,155213
4706,155214
4706,199634
613,9149
613,13267
613,13291
613,25594
613,38143
613,40671
613,53201
613,88012
613,96242
613,98944
613,114495
613,124416
613,156425
613,168827
613,171311
613,183722
613,184991
613,193423
613,211624
613,213984
613,224013
613,247050
613,248814
613,255017
613,263491
613,264827
613,268929
613,293977
613,314047
613,324545
613,326929
620,9149
620,13267
620,13291
620,25594
620,38143
620,40671
620,53201
620,88012
620,96242
620,98944
620,114495
620,124416
620,156425
620,168827
620,171311
620,183722
620,184991
620,193423
620,211624
620,213984
620,224013
620,247050
620,248814
620,255017
620,263491
620,264827
620,268929
620,293977
620,314047
620,324545
620,326929
621,9149
621,13267
621,13291
621,25594
621,38143
621,40671
621,53201
621,88012
621,96242
621,98944
621,114495
621,124416
621,156425
621,168827
621,171311
621,183722
621,184991
621,193423
621,211624
621,213984
621,224013
621,247050
621,248814
621,255017
621,263491
621,264827
621,268929
621,293977
621,314047
621,324545
621,326929
624,9149
624,13267
624,13291
624,25594
624,38143
624,40671
624,53201
624,88012
624,96242
624,98944
624,114495
624,124416
624,156425
624,168827
624,171311
624,183722
624,184991
624,193423
624,211624
624,213984
624,224013
624,247050
624,248814
624,255017
624,263491
624,264827
624,268929
624,293977
624,314047
624,324545
624,326929
625,99390
625,174711
625,3932
626,1120
626,7046
626,28025
626,29783
626,35696
626,38498
626,43975
626,50809
626,66381
626,74795
626,97286
626,99392
626,103851
626,123607
626,127961
626,128398
626,129014
626,130574
626,132830
626,148360
626,173922
626,192471
626,194017
626,195834
626,202464
626,202659
626,203965
626,221070
626,224970
626,230119
626,245252
626,247684
626,268033
626,276064
626,279861
626,282010
626,285588
626,285737
626,292284
626,294068
626,295650
626,295842
626,302027
626,306326
626,310194
626,312384
626,313074
626,314360
626,331702
2674,99390
2674,174711
174711,1312
174711,3541
174711,3547
264827,648
264827,656
264827,659
264827,662
264827,665
264827,679
264827,746
264827,1120
264827,1140
264827,1148
264827,1321
264827,1467
264827,1550
264827,1560
264827,1729
264827,3932
4735,697
4735,698
4735,15481
4735,20384
4735,21467
4735,25477
4735,29651
4735,31422
4735,32193
4735,38721
4735,50945
4735,62203
4735,80722
4735,95841
4735,108481
4735,118669
4735,122074
4735,150145
4735,152465
4735,152530
4735,160659
4735,164561
4735,165006
4735,167331
4735,185493
4735,200099
4735,203876
4735,246406
4735,263031
4735,279483
4735,292030
4735,294082
4735,298093
4735,301737
4735,304072
4735,304663
4735,314763
4735,318260
191103,725
191103,1841
191103,1911
191103,1927
191103,3839
150145,653
150145,2766
98944,648
98944,656
98944,659
98944,662
98944,665
98944,679
98944,746
98944,1120
98944,1140
98944,1148
98944,1321
98944,1467
98944,1550
98944,1560
98944,1729
98944,3932
268929,648
268929,656
268929,659
268929,662
268929,665
268929,679
268929,746
268929,1120
268929,1140
268929,1148
268929,1321
268929,1467
268929,1550
268929,1560
268929,1729
268929,3932
246406,653
246406,2766
4742,2752
4742,84659
4742,97578
4742,156618
4742,197265
4742,204194
4742,206638
4742,212121
4742,217948
4742,222229
4742,239327
4742,251096
4742,280001
4742,305144
648,9149
648,13267
648,13291
648,25594
648,38143
648,40671
648,53201
648,88012
648,96242
648,114495
648,124416
648,156425
648,168827
648,171311
648,183722
648,184991
648,193423
648,211624
648,213984
648,224013
648,247050
648,248814
648,255017
648,263491
648,293977
648,314047
648,324545
648,326929
653,13168
653,15481
653,20384
653,21467
653,25477
653,29651
653,31422
653,32193
653,38721
653,40495
653,50945
653,62203
653,80722
653,95841
653,108481
653,118669
653,122074
653,152465
653,152530
653,156597
653,160659
653,164561
653,165006
653,167331
653,185493
653,200099
653,203876
653,263031
653,279483
653,292030
653,298093
653,300431
653,301737
653,304072
653,304663
653,314089
653,314763
653,318260
656,9149
656,13267
656,13291
656,25594
656,38143
656,40671
656,53201
656,88012
656,96242
656,114495
656,124416
656,156425
656,168827
656,171311
656,183722
656,184991
656,193423
656,211624
656,213984
656,224013
656,247050
656,248814
656,255017
656,263491
656,293977
656,314047
656,324545
656,326929
197265,1571
197265,1702
197265,2942
197265,3872
659,9149
659,13267
659,13291
659,25594
659,38143
659,40671
659,53201
659,88012
659,96242
659,114495
659,124416
659,156425
659,168827
659,171311
659,183722
659,184991
659,193423
659,211624
659,213984
659,224013
659,247050
659,248814
659,255017
659,263491
659,293977
659,314047
659,324545
659,326929
662,9149
662,13267
662,13291
662,25594
662,38143
662,40671
662,53201
662,88012
662,96242
662,114495
662,124416
662,156425
662,168827
662,171311
662,183722
662,184991
662,193423
662,211624
662,213984
662,224013
662,247050
662,248814
662,255017
662,263491
662,293977
662,314047
662,324545
662,326929
665,9149
665,13267
665,13291
665,25594
665,38143
665,40671
665,53201
665,88012
665,96242
665,114495
665,124416
665,156425
665,168827
665,171311
665,183722
665,184991
665,193423
665,211624
665,213984
665,224013
665,247050
665,248814
665,255017
665,263491
665,293977
665,314047
665,324545
665,326929
166554,995
166554,2932
166554,3306
131741,1319
184991,679
184991,746
184991,1120
184991,1140
184991,1148
184991,1321
184991,1467
184991,1550
184991,1560
184991,1729
184991,3932
158368,1191
158368,1196
158368,1396
158368,1580
158368,1587
158368,1878
158368,1906
60070,924
60070,998
60070,1108
60070,1224
60070,1519
60070,1569
60070,1621
60070,1769
60070,1848
60070,2873
60070,3125
60070,3192
60070,4932
60070,4974
679,9149
679,13267
679,13291
679,25594
679,38143
679,40671
679,53201
679,88012
679,96242
679,114495
679,124416
679,156425
679,168827
679,171311
679,183722
679,193423
679,211624
679,213984
679,224013
679,247050
679,248814
679,255017
679,263491
679,293977
679,314047
679,324545
679,326929
211624,746
211624,1120
211624,1140
211624,1148
211624,1321
211624,1467
211624,1550
211624,1560
211624,1729
211624,3932
301737,2766
322217,895
322217,1425
322217,3170
322217,3384
322217,3721
322217,3758
322217,4014
82603,1070
82603,3039
82603,3111
82603,3579
82605,1070
82605,3039
82605,3111
82605,3579
66224,799
66224,801
66224,802
66224,813
66224,819
66224,825
66224,843
66224,849
66224,865
66224,881
66224,964
66224,1041
66224,1056
66224,1243
66224,2009
66224,3932
84659,1571
84659,1702
84659,2942
84659,3872
49843,810
49843,945
49843,1046
49843,1576
49843,3906
697,1319
697,15784
697,17345
697,18009
697,21419
697,28207
697,40402
697,60101
697,71547
697,95095
697,95833
697,110435
697,120420
697,122022
697,132777
697,134272
697,135150
697,144209
697,164933
697,168968
697,173686
697,187710
697,187798
697,193454
697,199810
697,199991
697,200274
697,208233
697,214615
697,229264
697,240860
697,241516
697,250751
697,286205
697,286680
697,299717
697,300826
698,1319
698,15784
698,17345
698,18009
698,21419
698,28207
698,40402
698,60101
698,71547
698,95095
698,95833
698,110435
698,120420
698,122022
698,132777
698,134272
698,135150
698,144209
698,164933
698,168968
698,173686
698,187710
698,187798
698,193454
698,199810
698,199991
698,200274
698,208233
698,214615
698,229264
698,240860
698,241516
698,250751
698,286205
698,286680
698,299717
698,300826
31422,2766
203455,2936
203455,3113
203455,3812
203455,4072
314047,746
314047,1120
314047,1140
314047,1148
314047,1321
314047,1467
314047,1550
314047,1560
314047,1729
314047,3932
2752,1571
2752,1702
2752,133986
2752,247090
2752,2942
2752,3872
105154,789
105154,1475
105154,3234
105154,3626
266947,3932
2750,133986
2750,247090
53960,789
53960,1475
53960,3234
53960,3626
297673,789
297673,1475
297673,3234
297673,3626
47817,2772
47817,2796
47817,3679
2766,13168
2766,15481
2766,20384
2766,21467
2766,25477
2766,29651
2766,32193
2766,38721
2766,40495
2766,50945
2766,62203
2766,80722
2766,95841
2766,108481
2766,118669
2766,122074
2766,152465
2766,152530
2766,156597
2766,160659
2766,164561
2766,165006
2766,167331
2766,185493
2766,200099
2766,203876
2766,263031
2766,279483
2766,292030
2766,298093
2766,300431
2766,304072
2766,304663
2766,314089
2766,314763
2766,318260
2772,130253
2772,135912
2772,228472
2772,240748
2772,245193
2772,321310
725,1140
725,1626
725,11311
725,18362
725,31463
725,32563
725,37980
725,54221
725,67409
725,95377
725,103862
725,124286
725,178095
725,185451
725,187807
725,189790
725,200224
725,210345
725,215910
725,216945
725,220158
725,226282
725,229065
725,230474
725,249809
725,255542
725,271727
725,283684
725,298407
238295,1593
123607,1592
72412,789
72412,1475
72412,3234
72412,3626
150237,1319
78556,789
78556,1475
78556,3234
78556,3626
287455,789
287455,1475
287455,3234
287455,3626
92896,789
92896,1475
92896,3234
92896,3626
156382,3234
156382,3626
228063,789
228063,1475
228063,3234
228063,3626
193249,960
193249,1625
193249,1626
193249,1651
193249,1960
193249,3045
193249,3556
193249,3565
193249,3574
193249,3586
193249,4857
193249,4900
195297,799
195297,801
195297,802
195297,813
195297,819
195297,825
195297,843
195297,849
195297,865
195297,881
195297,964
195297,1041
195297,1056
195297,1243
195297,2009
195297,3932
195298,799
195298,801
195298,802
195298,813
195298,819
195298,825
195298,843
195298,849
195298,865
195298,881
195298,964
195298,1041
195298,1056
195298,1243
195298,2009
195298,3932
129764,2936
129764,3113
129764,3812
129764,4072
295650,1592
31463,1841
31463,1911
31463,1927
31463,3839
230119,1592
746,9149
746,13267
746,13291
746,25594
746,38143
746,40671
746,53201
746,88012
746,96242
746,114495
746,124416
746,156425
746,168827
746,171311
746,183722
746,193423
746,213984
746,224013
746,247050
746,248814
746,255017
746,263491
746,293977
746,324545
746,326929
51940,789
51940,1475
51940,3234
51940,3626
23271,789
23271,1475
23271,3234
23271,3626
135912,2796
135912,3679
72432,1319
27376,1118
27376,2024
27376,2028
27376,3289
2796,130253
2796,228472
2796,240748
2796,245193
2796,321310
27379,1118
27379,2024
27379,2028
27379,3289
4857,3204
4857,147357
4857,183347
4857,192334
8953,789
8953,1475
8953,3234
8953,3626
54017,3234
774,41908
774,71404
774,208453
774,280197
774,1906
60168,789
60168,1475
60168,3234
60168,3626
156425,1120
156425,1140
156425,1148
156425,1321
156425,1467
156425,1550
156425,1560
156425,1729
156425,3932
43786,799
43786,801
43786,802
43786,813
43786,819
43786,825
43786,843
43786,849
43786,865
43786,881
43786,964
43786,1041
43786,1056
43786,1243
43786,2009
43786,3932
260873,3234
260873,3626
224013,1120
224013,1140
224013,1148
224013,1321
224013,1467
224013,1550
224013,1560
224013,1729
224013,3932
287501,3204
2832,132934
2832,204176
2832,204180
148243,3234
148243,3626
140052,3932
789,1592
789,3289
789,5443
789,9558
789,16285
789,17506
789,24361
789,25876
789,32002
789,36841
789,38492
789,44836
789,48001
789,50485
789,56384
789,65399
789,73609
789,74983
789,76876
789,79179
789,89758
789,91260
789,95773
789,99641
789,102361
789,109666
789,111635
789,111670
789,112091
789,114679
789,116329
789,117476
789,120235
789,135086
789,148875
789,149384
789,150431
789,160675
789,165132
789,179792
789,196239
789,198030
789,200650
789,212266
789,218828
789,224669
789,233109
789,236961
789,239114
789,245091
789,249540
789,253655
789,255676
789,256944
789,259235
789,262007
789,265544
789,272117
789,282435
789,286345
789,296809
789,297878
789,300536
789,300584
789,304434
789,305151
789,318886
789,325165
789,331371
160534,1593
2843,132934
2843,204176
2843,204180
799,1702
799,9800
799,34601
799,48458
799,78699
799,85202
799,100234
799,120307
799,122844
799,161119
799,163794
799,171650
799,193777
799,210750
799,232524
799,235350
799,249154
799,259312
799,261331
799,265591
799,279999
799,285591
799,290377
799,300503
799,302476
799,310790
799,312171
799,320344
801,1702
801,9800
801,34601
801,48458
801,78699
801,85202
801,100234
801,120307
801,122844
801,161119
801,163794
801,171650
801,193777
801,210750
801,232524
801,235350
801,249154
801,259312
801,261331
801,265591
801,279999
801,285591
801,290377
801,300503
801,302476
801,310790
801,312171
801,320344
802,1702
802,9800
802,34601
802,48458
802,78699
802,85202
802,100234
802,120307
802,122844
802,161119
802,163794
802,171650
802,193777
802,210750
802,232524
802,235350
802,249154
802,259312
802,261331
802,265591
802,279999
802,285591
802,290377
802,300503
802,302476
802,310790
802,312171
802,320344
64292,1191
64292,1196
64292,1587
64292,1878
64292,1906
64292,2944
4900,147357
4900,183347
4900,192334
183081,3234
183081,3626
64298,1191
64298,1196
64298,1587
64298,1878
64298,1906
64298,2944
810,155213
810,155214
810,199634
813,1702
813,9800
813,34601
813,48458
813,78699
813,85202
813,100234
813,120307
813,122844
813,161119
813,163794
813,171650
813,193777
813,210750
813,232524
813,235350
813,249154
813,259312
813,261331
813,265591
813,279999
813,285591
813,290377
813,300503
813,302476
813,310790
813,312171
813,320344
140078,895
140078,3170
140078,3384
140078,3721
140078,3758
140078,4014
160561,3234
160561,3626
819,1702
819,9800
819,34601
819,48458
819,78699
819,85202
819,100234
819,120307
819,122844
819,161119
819,163794
819,171650
819,193777
819,210750
819,232524
819,235350
819,249154
819,259312
819,261331
819,265591
819,279999
819,285591
819,290377
819,300503
819,302476
819,310790
819,312171
819,320344
2873,44817
2873,142786
2873,193445
2873,330698
825,1702
825,9800
825,34601
825,48458
825,78699
825,85202
825,100234
825,120307
825,122844
825,161119
825,163794
825,171650
825,193777
825,210750
825,232524
825,235350
825,249154
825,259312
825,261331
825,265591
825,279999
825,285591
825,290377
825,300503
825,302476
825,310790
825,312171
825,320344
127806,1146
127806,2891
127806,3677
318272,895
318272,1425
318272,3170
318272,3384
318272,3721
318272,3758
318272,4014
4932,44817
4932,142786
4932,193445
4932,330698
2891,1651
2891,128232
2891,142908
2891,190434
2891,234356
2891,273282
843,1702
843,9800
843,34601
843,48458
843,78699
843,85202
843,100234
843,120307
843,122844
843,161119
843,163794
843,171650
843,193777
843,210750
843,232524
843,235350
843,249154
843,259312
843,261331
843,265591
843,279999
843,285591
843,290377
843,300503
843,302476
843,310790
843,312171
843,320344
66381,1592
849,1702
849,9800
849,34601
849,48458
849,78699
849,85202
849,100234
849,120307
849,122844
849,161119
849,163794
849,171650
849,193777
849,210750
849,232524
849,235350
849,249154
849,259312
849,261331
849,265591
849,279999
849,285591
849,290377
849,300503
849,302476
849,310790
849,312171
849,320344
320344,865
320344,881
320344,964
320344,1041
320344,1056
320344,1243
320344,2009
320344,3932
217948,1571
217948,1702
217948,2942
217948,3872
865,1702
865,9800
865,34601
865,48458
865,78699
865,85202
865,100234
865,120307
865,122844
865,161119
865,163794
865,171650
865,193777
865,210750
865,232524
865,235350
865,249154
865,259312
865,261331
865,265591
865,279999
865,285591
865,290377
865,300503
865,302476
865,310790
865,312171
152417,3204
133986,3090
133986,3731
133986,3793
133986,3803
133986,3809
265060,1593
239114,1475
239114,3234
239114,3626
215910,1841
215910,1911
215910,1927
215910,3839
78699,881
78699,964
78699,1041
78699,1056
78699,1243
78699,2009
78699,3932
312171,881
312171,964
312171,1041
312171,1056
312171,1243
312171,2009
312171,3932
4974,44817
4974,142786
4974,193445
4974,330698
35696,1592
881,1702
881,9800
881,34601
881,48458
881,85202
881,100234
881,120307
881,122844
881,161119
881,163794
881,171650
881,193777
881,210750
881,232524
881,235350
881,249154
881,259312
881,261331
881,265591
881,279999
881,285591
881,290377
881,300503
881,302476
881,310790
2932,3170
2932,46005
2932,54855
234356,1146
234356,3677
2936,1191
2936,1196
2936,1587
2936,1878
2936,1906
2936,55197
2936,148997
2936,175620
2936,236535
2936,326642
2936,2944
213882,3039
213882,3579
168827,1120
168827,1140
168827,1148
168827,1321
168827,1467
168827,1550
168827,1560
168827,1729
168827,3932
213884,1070
213884,3039
213884,3111
213884,3579
2942,156618
2942,206638
2942,212121
2942,222229
2942,239327
2942,251096
2942,280001
2942,305144
211840,1319
2944,5086
2944,5638
2944,5640
2944,5641
2944,5644
2944,5645
2944,5646
2944,5661
2944,5663
2944,5664
2944,6125
2944,6126
2944,23554
2944,23555
2944,23556
2944,23557
2944,23558
2944,23561
2944,23562
2944,30105
2944,331184
895,22427
895,107780
895,138171
895,212900
273282,1146
273282,3677
48001,1475
48001,3234
48001,3626
197509,1593
281479,3932
7046,1592
148360,1592
174990,3204
193423,1120
193423,1140
193423,1148
193423,1321
193423,1467
193423,1550
193423,1560
193423,1729
193423,3932
13200,3234
13200,3626
189332,1319
76691,3204
285591,964
285591,1041
285591,1056
285591,1243
285591,2009
285591,3932
285588,1592
297878,1475
297878,3234
297878,3626
924,44817
924,142786
924,193445
924,330698
150431,1475
150431,3234
150431,3626
295842,1592
160675,1475
160675,3234
160675,3626
207780,3234
207780,3626
193445,998
193445,1108
193445,1224
193445,1519
193445,1569
193445,1621
193445,1769
193445,1848
193445,3125
193445,3192
129960,3204
256944,1475
256944,3234
256944,3626
945,155213
945,155214
945,199634
945,1118
945,2024
945,2028
945,3289
310194,1592
41908,4076
46005,995
46005,3306
138171,1425
138171,3170
138171,3384
138171,3721
138171,3758
138171,4014
9149,1120
9149,1140
9149,1148
9149,1321
9149,1467
9149,1550
9149,1560
9149,1729
9149,3932
960,147357
960,183347
960,192334
324545,1120
324545,1140
324545,1148
324545,1321
324545,1467
324545,1550
324545,1560
324545,1729
324545,3932
964,1702
964,9800
964,34601
964,48458
964,85202
964,100234
964,120307
964,122844
964,161119
964,163794
964,171650
964,193777
964,210750
964,232524
964,235350
964,249154
964,259312
964,261331
964,265591
964,279999
964,290377
964,300503
964,302476
964,310790
43975,1592
330698,998
330698,1108
330698,1224
330698,1519
330698,1569
330698,1621
330698,1769
330698,1848
330698,3125
330698,3192
156618,1571
156618,1702
156618,3872
302027,1592
54221,1841
54221,1911
54221,1927
54221,3839
238540,3289
13267,1120
13267,1140
13267,1148
13267,1321
13267,1467
13267,1550
13267,1560
13267,1729
13267,3932
199634,1046
199634,1576
199634,3906
93143,3204
127961,1592
5086,1191
5086,1196
5086,1587
5086,1878
5086,1906
3039,32182
3039,107681
3039,137088
3039,158833
3039,183335
3039,200553
3039,316659
213984,1120
213984,1140
213984,1148
213984,1321
213984,1467
213984,1550
213984,1560
213984,1729
213984,3932
62433,1118
62433,2024
62433,2028
62433,3289
62434,1118
62434,2024
62434,2028
62434,3289
995,3170
995,54855
995,1191
995,1196
995,1396
995,1580
995,1587
995,1878
995,1906
62436,1118
62436,2024
62436,2028
62436,3289
3045,147357
3045,183347
3045,192334
998,44817
998,142786
998,1191
998,1196
998,1396
998,1580
998,1587
998,1878
998,1906
226282,1841
226282,1911
226282,1927
226282,3839
13291,1120
13291,1140
13291,1148
13291,1321
13291,1467
13291,1550
13291,1560
13291,1729
13291,3932
248814,1120
248814,1140
248814,1148
248814,1321
248814,1467
248814,1550
248814,1560
248814,1729
248814,3932
326642,3113
326642,3812
326642,4072
121842,3204
236535,3113
236535,3812
236535,4072
314360,1592
25594,1120
25594,1140
25594,1148
25594,1321
25594,1467
25594,1550
25594,1560
25594,1729
25594,3932
220158,1841
220158,1911
220158,1927
220158,3839
193534,1593
23554,1191
23554,1196
23554,1587
23554,1878
23554,1906
23555,1191
23555,1196
23555,1587
23555,1878
23555,1906
23556,1191
23556,1196
23556,1587
23556,1878
23556,1906
23557,1191
23557,1196
23557,1587
23557,1878
23557,1906
23558,1191
23558,1196
23558,1587
23558,1878
23558,1906
207876,1593
23561,1191
23561,1196
23561,1587
23561,1878
23561,1906
23562,1191
23562,1196
23562,1587
23562,1878
23562,1906
97286,1592
1041,1702
1041,9800
1041,34601
1041,48458
1041,58694
1041,58695
1041,85202
1041,100234
1041,120307
1041,122844
1041,161119
1041,163794
1041,171650
1041,193777
1041,210750
1041,232524
1041,235350
1041,249154
1041,259312
1041,261331
1041,265591
1041,279999
1041,290377
1041,300503
1041,302476
1041,310790
3090,247090
111635,1475
111635,3234
111635,3626
222229,1571
222229,1702
222229,3872
1046,155213
1046,155214
93207,3204
1056,1702
1056,9800
1056,34601
1056,48458
1056,58694
1056,58695
1056,85202
1056,100234
1056,120307
1056,122844
1056,161119
1056,163794
1056,171650
1056,193777
1056,210750
1056,232524
1056,235350
1056,249154
1056,259312
1056,261331
1056,265591
1056,279999
1056,290377
1056,300503
1056,302476
1056,310790
283684,1841
283684,1911
283684,1927
283684,3839
1063,132934
1063,204176
1063,204180
1064,132934
1064,204176
1064,204180
3113,55197
3113,148997
3113,175620
255017,1120
255017,1140
255017,1148
255017,1321
255017,1467
255017,1550
255017,1560
255017,1729
255017,3932
3111,32182
3111,107681
3111,158833
3111,183335
3111,200553
3111,316659
285737,1592
74795,1592
1070,32182
1070,107681
1070,158833
1070,183335
1070,200553
1070,316659
183335,3579
183347,1625
183347,1626
183347,1651
183347,1960
183347,3556
183347,3565
183347,3574
183347,3586
3125,44817
3125,142786
111670,1475
111670,3234
111670,3626
121917,1319
99390,1312
99390,3541
99390,3547
99392,1592
312384,1592
56384,1475
56384,3234
56384,3626
230474,1841
230474,1911
230474,1927
230474,3839
232524,1243
232524,2009
232524,3932
76876,1475
76876,3234
76876,3626
183376,1425
183376,3721
183376,3758
183376,4014
1108,44817
1108,142786
29783,1592
293977,1120
293977,1140
293977,1148
293977,1321
293977,1467
293977,1550
293977,1560
293977,1729
293977,3932
37980,1841
37980,1911
37980,1927
37980,3839
1118,32651
1118,36769
1118,63447
1118,73059
1118,85506
1118,159271
1118,202371
1118,212287
1118,292427
1118,304226
1120,38143
1120,40671
1120,53201
1120,88012
1120,96242
1120,114495
1120,124416
1120,171311
1120,183722
1120,247050
1120,263491
1120,326929
1120,1592
3170,22427
3170,107780
3170,212900
3170,3306
17506,1475
17506,3234
17506,3626
109666,1475
109666,3234
109666,3626
304226,2024
304226,2028
304226,3289
185451,1841
185451,1911
185451,1927
185451,3839
207980,3626
240748,3679
158833,3579
1140,38143
1140,40671
1140,53201
1140,88012
1140,96242
1140,114495
1140,124416
1140,171311
1140,183722
1140,247050
1140,263491
1140,326929
1140,1841
1140,1911
1140,1927
1140,3839
3192,44817
3192,142786
1146,1651
1146,128232
1146,142908
1146,190434
228472,3679
1148,38143
1148,40671
1148,53201
1148,58694
1148,58695
1148,88012
1148,96242
1148,114495
1148,124416
1148,171311
1148,183722
1148,247050
1148,263491
1148,326929
144509,1319
91260,1475
91260,3234
91260,3626
17537,1593
3204,52457
3204,96115
3204,114178
3204,136952
3204,161186
3204,257335
3204,287960
3204,325150
3204,329057
95377,1841
95377,1911
95377,1927
95377,3839
306326,1592
212121,1571
212121,1702
212121,3872
3231,132934
3231,204176
3231,204180
107681,3579
3234,1592
3234,3289
3234,5443
3234,9558
3234,16285
3234,24361
3234,25876
3234,32002
3234,36841
3234,38492
3234,44836
3234,50485
3234,65399
3234,73609
3234,74983
3234,79179
3234,89637
3234,89758
3234,95773
3234,99641
3234,102361
3234,112091
3234,114679
3234,116329
3234,117476
3234,120173
3234,120235
3234,135086
3234,148875
3234,149384
3234,165132
3234,178091
3234,179792
3234,196239
3234,198030
3234,200650
3234,212266
3234,214609
3234,218828
3234,224669
3234,233109
3234,236961
3234,245091
3234,249540
3234,253655
3234,255676
3234,259235
3234,262007
3234,265544
3234,272117
3234,282435
3234,286345
3234,296809
3234,300536
3234,300584
3234,304434
3234,305151
3234,318886
3234,325165
3234,329138
3234,331371
259235,1475
259235,3626
191653,1319
1191,5638
1191,5640
1191,5641
1191,5644
1191,5645
1191,5646
1191,5661
1191,5663
1191,5664
1191,6125
1191,6126
1191,30105
1191,331184
1191,331382
1191,332971
1191,332972
1191,333527
1191,333530
332971,1196
332971,1396
332971,1580
332971,1587
332971,1878
332971,1906
332972,1196
332972,1396
332972,1580
332972,1587
332972,1878
332972,1906
1196,5638
1196,5640
1196,5641
1196,5644
1196,5645
1196,5646
1196,5661
1196,5663
1196,5664
1196,6125
1196,6126
1196,30105
1196,331184
1196,331382
1196,333527
1196,333530
294068,1592
201917,1593
203965,1592
1224,44817
1224,142786
117476,1475
117476,3626
130253,3679
85202,1243
85202,2009
85202,3932
261331,1243
261331,2009
261331,3932
251096,1571
251096,1702
251096,3872
1243,1702
1243,9800
1243,34601
1243,48458
1243,58694
1243,58695
1243,100234
1243,120307
1243,122844
1243,161119
1243,163794
1243,171650
1243,193777
1243,210750
1243,235350
1243,249154
1243,259312
1243,265591
1243,279999
1243,290377
1243,300503
1243,302476
1243,310790
3289,1475
3289,32651
3289,36769
3289,63447
3289,73059
3289,85506
3289,105928
3289,118751
3289,159271
3289,202371
3289,212287
3289,292427
3289,298588
3289,3626
169191,1593
128232,3677
3306,54855
74983,1475
74983,3626
310508,3932
259312,2009
259312,3932
193777,2009
193777,3932
316659,3579
222452,1593
195834,1592
38143,1321
38143,1467
38143,1550
38143,1560
38143,1729
38143,3932
32002,1475
32002,3626
107780,1425
107780,3384
107780,3721
107780,3758
107780,4014
247050,1321
247050,1467
247050,1550
247050,1560
247050,1729
247050,3932
165132,1475
165132,3626
326929,1321
326929,1467
326929,1550
326929,1560
326929,1729
326929,3932
25876,1475
25876,3626
81174,1319
3354,132934
3354,204176
3354,204180
1319,16032
1319,26369
1319,79374
1319,132704
1319,169420
1319,169823
1319,171867
1319,181715
1319,239414
1319,251437
1319,255967
1319,280067
1321,40671
1321,53201
1321,88012
1321,96242
1321,114495
1321,124416
1321,171311
1321,183722
1321,263491
212266,1475
212266,3626
97578,1571
97578,3872
195884,1593
171311,1467
171311,1550
171311,1560
171311,1729
171311,3932
304434,1475
304434,3626
247090,3731
247090,3793
247090,3803
247090,3809
279861,1592
50485,1475
50485,3626
3384,22427
3384,212900
199993,1593
171323,1593
99641,1475
99641,3626
212287,2024
212287,2028
249154,2009
249154,3932
263491,1467
263491,1550
263491,1560
263491,1729
263491,3932
5443,1475
5443,3626
58694,2009
58694,3932
58695,2009
58695,3932
265544,1475
265544,3626
58698,3932
48458,2009
48458,3932
79179,1475
79179,3626
9558,1475
9558,3626
189790,1841
189790,1911
189790,1927
189790,3839
161119,2009
161119,3932
236898,1593
245091,1475
245091,3626
73059,2024
73059,2028
120173,3626
271727,1927
111987,3626
1396,331382
1396,333527
1396,333530
265591,2009
265591,3932
28025,1592
124286,1841
124286,1911
124286,1927
124286,3839
30092,1593
302476,2009
302476,3932
128398,1592
204176,3518
204176,3537
1425,22427
1425,212900
148875,1475
148875,3626
198030,1475
198030,3626
204180,3518
204180,3537
30105,1587
30105,1878
30105,1906
282010,1592
224669,1475
224669,3626
236961,1475
236961,3626
318886,1475
318886,3626
298407,1841
298407,1911
298407,1927
298407,3839
183722,1467
183722,1550
183722,1560
183722,1729
183722,3932
103851,1592
120235,1475
120235,3626
331184,1587
331184,1878
331184,1906
329138,3626
32182,3579
1467,40671
1467,53201
1467,88012
1467,96242
1467,114495
1467,124416
292284,1592
3518,132934
279999,2009
279999,3932
142786,1519
142786,1569
142786,1621
142786,1769
142786,1848
280001,1571
280001,1702
280001,3872
1475,1592
1475,16285
1475,24361
1475,36841
1475,38492
1475,44836
1475,65399
1475,73609
1475,89758
1475,95773
1475,102361
1475,112091
1475,114679
1475,116329
1475,135086
1475,149384
1475,179792
1475,196239
1475,200650
1475,218828
1475,233109
1475,249540
1475,253655
1475,255676
1475,262007
1475,272117
1475,282435
1475,286345
1475,296809
1475,300536
1475,300584
1475,305151
1475,325165
1475,331371
245193,3679
3537,132934
300503,2009
300503,3932
112091,3626
194017,1592
3556,147357
3556,192334
3565,147357
3565,192334
1519,44817
120307,2009
120307,3932
3574,147357
3574,192334
300536,3626
3579,137088
3579,200553
124416,1550
124416,1560
124416,1729
124416,3932
85506,2024
85506,2028
3586,147357
3586,192334
175620,3812
175620,4072
148997,3812
148997,4072
5638,1587
5638,1878
5638,1906
310790,2009
310790,3932
5640,1587
5640,1878
5640,1906
5641,1587
5641,1878
5641,1906
245252,1592
5644,1587
5644,1878
5644,1906
5645,1587
5645,1878
5645,1906
5646,1587
5646,1878
5646,1906
13840,1593
1550,40671
1550,53201
1550,88012
1550,96242
1550,114495
130574,1592
1560,40671
1560,53201
1560,88012
1560,96242
1560,114495
5661,1587
5661,1878
5661,1906
5663,1587
5663,1878
5663,1906
5664,1587
5664,1878
5664,1906
1569,44817
200224,1841
200224,1911
200224,1927
200224,3839
95773,3626
1571,206638
1571,239327
1571,305144
284198,1593
159271,2024
159271,2028
300584,3626
261673,3626
3626,1592
3626,16285
3626,24361
3626,36841
3626,38492
3626,44836
3626,65399
3626,73609
3626,89758
3626,102361
3626,114679
3626,116329
3626,135086
3626,149384
3626,178091
3626,179792
3626,196239
3626,200650
3626,214609
3626,218828
3626,233109
3626,249540
3626,253655
3626,255676
3626,262007
3626,282435
3626,286345
3626,296809
3626,305151
3626,325165
3626,331371
1576,155213
1576,155214
1580,331382
1580,333527
1580,333530
1587,6125
1587,6126
1587,331382
1587,333527
1587,333530
255542,1841
255542,1911
255542,1927
255542,3839
1592,38498
1592,50809
1592,129014
1592,132830
1592,173922
1592,192471
1592,202464
1592,202659
1592,221070
1592,224970
1592,247684
1592,268033
1592,276064
1592,313074
1592,331702
1593,1878
1593,18419
1593,79829
1593,167620
1593,194431
1593,202537
1593,210654
1593,229083
1593,267834
1593,280166
142908,3677
208453,4076
9800,2009
9800,3932
290377,2009
290377,3932
292427,2024
292427,2028
155213,3906
155214,3906
1621,44817
1626,147357
1626,192334
1626,1841
1626,1911
1626,1927
1626,3839
1625,147357
1625,192334
3677,1651
3677,190434
3679,321310
1651,147357
1651,192334
331382,1878
331382,1906
171650,2009
171650,3932
202371,2024
202371,2028
280197,4076
3721,22427
3721,212900
1702,206638
1702,239327
1702,305144
1702,2009
1702,3932
3758,22427
3758,212900
1729,40671
1729,53201
1729,88012
1729,96242
1729,114495
229065,1841
229065,1911
229065,1927
229065,3839
333527,1878
333527,1906
333530,1878
333530,1906
40671,3932
239327,3872
3812,55197
1769,44817
71404,4076
3839,18362
3839,32563
3839,67409
3839,216945
3839,249809
44817,1848
3872,206638
3872,305144
34601,2009
34601,3932
1841,18362
1841,32563
1841,67409
1841,216945
1841,249809
32563,1911
32563,1927
210750,2009
210750,3932
114495,3932
192334,1960
67409,1911
67409,1927
157521,3932
1878,6125
1878,6126
235350,2009
235350,3932
3932,53201
3932,88012
3932,96242
3932,100234
3932,122844
3932,163794
216945,1911
216945,1927
1906,6008
1906,6125
1906,6126
1911,18362
1911,249809
1927,18362
1927,249809
100234,2009
32651,2024
32651,2028
22427,4014
55197,4072
147357,1960
36769,2024
36769,2028
212900,4014
163794,2009
2009,122844
63447,2024
63447,2028
